Source_Name,RA,E_RA,E_RA_tot,DEC,E_DEC,E_DEC_tot,Peak_flux,E_Peak_flux,E_Peak_flux_tot,Total_flux,E_Total_flux,E_Total_flux_tot,Maj,E_Maj,Min,E_Min,PA,E_PA,Isl_rms,S_Code,Mosaic_ID,Isl_id,median_local_sigma,mean_local_sigma,Closest_prototype,Closest_prototype_x,Closest_prototype_y,Heatmap,cutout_index
ILTJ112147.91+502349.3,170.44962850221486,1.6502184069524146,1.6577182122107759,50.39702852809236,2.0249187709947845,2.0310354279474683,1.0098426673062038,0.10648691386450082,0.22832159629099905,9.733789352029564,0.1747639237172971,1.9545865637061024,35.952741173793456,5.9083069130439565,12.476688009998712,1.7115843485792075,128.10215732922606,12.638091348118564,0.10648691386450082,M,P10Hetde,2640,0.000103556755,0.0001045929,69,9,6,"[53.27362823 50.72857285 52.74424744 54.02459335 53.75740814 52.63645172
 50.50637054 44.95211029 43.94670868 47.19356537 42.25187302 40.03973389
 43.30744171 47.29364395 51.15723419 51.56243515 49.26908875 45.53175354
 39.11610031 39.76857376 33.90246582 30.78697014 35.28462219 37.67741776
 41.38018799 50.41596985 48.3181076  44.54792404 41.52866745 37.71446228
 33.69907761 26.56985664 22.78499985 25.40172577 32.69725037 49.28756714
 47.97163391 45.73200226 43.19041443 39.19709778 35.08706665 24.39702415
 18.58438683 22.16626358 26.13796425 49.25657654 49.68207169 47.94766235
 45.35295486 41.16504669 35.82990265 27.94057846 18.86872864 21.79523087
 42.2613678  51.31033325 51.08639526 49.09390259 46.44202042 42.39538574
 37.86639404 29.51162338 32.76693726 44.6713829  51.26047516 52.30863953
 51.05312347 48.44307709 46.44552612 42.75878906 40.26669312 40.80031204
 48.36096573 52.04248428 52.71379471 52.16176224 50.15065384 47.12172318
 44.34319305 42.94260025 52.43686676 51.94735718 53.6415062  53.42693329
 52.96078491 52.22556305 50.42782974 47.12126923 47.94748306 52.17031097
 52.8461647  52.17378235 54.18479156 53.87433624 53.40801239 52.56973267
 51.09182739 46.72610474 49.60270691 52.94736481]",323138
ILTJ112716.13+511447.5,171.81721480540008,2.393948204470807,2.39542804306286,51.24655006874279,2.295605569352932,2.2971487618017163,0.3139943958537386,0.07368917431449518,0.09681835381917124,16.104210616992404,0.05283206560837682,3.2212754012990694,46.99985256395213,7.438704608496113,16.710337506574493,2.3805509039204704,42.94629516677541,13.214929979998212,0.07368917431449518,M,P12Hetde,8340,7.310275e-05,7.318022e-05,69,9,6,"[78.116745   76.82780457 79.26629639 80.15657043 79.60791016 78.31799316
 75.67353821 71.55059814 73.96572876 71.38754272 68.27380371 65.53485107
 69.38038635 76.71470642 78.26511383 77.42301178 73.87796021 69.52934265
 67.76409912 65.09222412 58.9341774  58.51929855 65.11161804 72.73855591
 73.3219986  76.4764328  72.56614685 67.3311615  62.94668198 60.43424225
 59.42287445 55.84366608 57.36902237 61.22763062 65.56773376 74.99123383
 72.54985046 68.3944397  64.96777344 62.89763641 60.72883987 52.13450623
 55.33365631 49.47201538 57.61986542 74.74419403 73.53499603 70.82077026
 67.67556763 64.20205688 59.12189484 50.467453   42.22730255 51.30051422
 69.31240845 76.24675751 75.11386871 72.1079483  68.60266113 64.47958374
 58.92240906 52.22236633 56.22915268 69.97492218 77.24994659 76.98001099
 74.81981659 71.30934143 68.34893799 63.8157196  49.75243759 62.50114441
 73.78987885 78.15142822 78.27131653 76.87744141 74.23812866 70.54602051
 61.77005386 49.77761078 56.46676636 70.42108917 80.13298035 79.65126801
 78.83493805 77.33940887 75.12445068 68.91481018 59.71337128 51.76504135
 66.58869934 74.99963379 80.77981567 80.10671234 79.26783752 78.09983826
 76.33204651 70.28009033 68.49061584 62.64609146]",314922
ILTJ114320.75+485957.6,175.83647412083454,1.004510087106045,1.015464188890194,48.999353026507556,0.5955428443860126,0.6138389718159054,2.5647294596380443,0.14872766041662544,0.5340724716912614,4.6390089348139085,0.3499730423210354,0.9916134762309216,16.54290205483493,2.6545064120895683,6.925268165673901,0.7180665654007139,152.74969916054138,10.18787717722464,0.14872766041662544,M,P14Hetde,954,0.00014840395,0.0001485342,69,9,6,"[34.03414154 28.93821716 27.83729744 27.72924423 26.94791412 25.37543869
 22.83829308 24.70101929 36.4908371  32.84909058 23.9625721  22.57945251
 22.71979141 26.03822708 26.27954865 24.36619186 21.07270432 19.04825974
 20.17554092 20.84051704 17.66034698 18.45663071 21.71474838 29.44092369
 24.9667778  24.02146149 20.15364647 17.08358383 16.33448219 16.82018661
 15.24452782 14.74597931 17.44658279 25.01126862 20.14128494 22.82910919
 20.28947449 17.06604195 16.00714874 15.88717842 12.6516571  11.86610985
 20.02084351 34.25499344 17.08360291 21.47626877 20.18951797 18.31693649
 16.57279968 14.46227169 11.64532185 11.49755287  8.75521851 11.45281029
 19.22160721 21.90192032 20.8547821  18.81171799 16.57771301 14.0155735
 12.6542244   8.82950211 11.02009106 19.25746155 23.67860794 23.07768631
 21.22893906 18.56510925 16.74438858 14.64354897 17.35748291 17.24202728
 22.9641037  25.38677406 25.1133728  23.70572281 21.11023331 18.1700325
 17.8649025  19.7899704  32.20058823 27.38137054 27.7604351  26.96663284
 26.02302742 24.28045654 22.00881577 21.41523552 28.77381134 34.50720596
 34.11510086 28.4441452  28.50550461 27.62316322 26.61359787 25.17560196
 23.35530281 26.93420792 37.13031769 36.65230942]",306687
ILTJ105602.14+545020.7,164.00892319010808,0.4618803875839713,0.4922246668287463,54.83910950599957,0.7361257348443099,0.7555347296451871,5.003484949616094,0.131722932565026,1.0093291814888348,41.650763425195024,0.3507887904492936,8.3375353991193,29.859235526923925,1.8005877648276876,17.353486911704493,0.9724621385951944,108.24035178089113,6.856741958400444,0.131722932565026,M,P164+55,3389,0.00013066051,0.00012999802,69,9,6,"[54.72951889 53.14170837 57.09736252 58.70798111 58.29549026 56.98598099
 54.44524765 52.33495712 54.06790924 51.90653992 42.52873993 40.23036194
 44.91300201 52.82067871 56.22888947 55.48476791 52.37042236 48.55783463
 43.02882004 41.06125259 33.69374847 32.36888123 37.52347946 45.40144348
 48.19576263 54.46493912 50.90055084 46.2670517  41.95705795 37.46131516
 32.34805298 29.72410583 31.11481285 41.38085556 43.00997543 53.66506195
 50.7836647  45.96472168 41.33691406 36.36177063 32.39978409 28.01011467
 31.64786148 49.53747559 41.53581238 53.8976593  52.51248932 48.49632263
 43.57472229 37.35589981 34.05873871 27.95920944 24.24295425 32.12204742
 50.23297882 55.68725967 54.83304977 51.49447632 46.9548111  40.91209793
 37.64318466 29.20278931 35.31238556 49.22278595 56.51217651 57.06651306
 55.33031082 51.66577911 48.3970108  43.54086304 43.43117523 43.72016525
 52.68644333 57.18680573 57.64406586 56.91963196 54.43240738 50.88329315
 48.85768509 47.84986115 56.62438965 56.69356537 58.66480255 58.50563812
 57.91417694 56.85942841 54.7534256  52.79066467 55.20327759 57.849823
 55.63607407 56.02601242 59.08367157 58.72888184 58.17765045 57.17436218
 55.57832336 54.58044434 58.56256866 57.53754425]",299710
ILTJ113656.74+550949.4,174.23643007424243,0.3616057262042418,0.3723679414561756,55.16374160146819,0.5949346972013936,0.6015367624133431,0.3476598378826685,0.06460333679569885,0.09491198891711536,1.1395692330400058,0.13996943920923965,0.2674624560348695,6.756819794878742,1.5816085505245563,3.717309253500135,0.4316192123396788,61.681705904741534,13.49199593914568,0.06460333679569885,M,P173+55,3623,6.469387e-05,6.491435e-05,69,9,6,"[51.50060272 46.93986511 45.48606873 46.07607651 45.74047852 44.52087402
 42.92430878 42.3098526  50.33855438 48.859375   40.98276901 38.61148071
 38.70384216 42.33847046 44.45704651 43.17993164 41.85918045 41.36417389
 40.83793259 39.40654755 33.60267639 34.47907257 37.22859573 41.78304291
 40.84862137 41.99802399 40.7472229  39.71257019 38.351017   35.61825562
 33.21838379 34.70040131 36.1848259  38.62850952 34.86047745 40.68447113
 39.98888016 38.71448135 37.25590134 34.90174484 32.67735672 34.50754547
 41.99462509 48.85506821 31.34969902 39.50510406 39.05425262 37.96428299
 36.96070862 33.99942017 32.26449585 33.64053345 29.06343269 28.28898621
 36.45867538 39.93448257 39.10019684 37.73979568 36.50999451 33.89480591
 32.89881516 28.75518799 29.06924438 37.28113174 41.21009827 40.8711319
 39.62494659 37.97111511 36.83460236 34.80742645 32.61203003 34.21273041
 40.37635803 43.0122757  42.67649841 41.7872963  40.39038849 38.73040771
 37.18594742 35.39020538 44.05078888 43.01461029 45.15505219 44.7075386
 44.16296387 43.11996078 41.60829926 40.06661224 44.54395294 46.65927505
 48.14171219 45.27790833 46.00572205 45.60359192 45.20121765 44.25040436
 42.63369751 43.7623558  50.74773026 51.11820984]",280762
ILTJ115627.76+550727.9,179.11565797688635,0.2508035177554044,0.2780661577351025,55.12442054405591,0.39922086653201133,0.4168880950970506,7.365201131220691,0.09926880011335017,1.4763813202588707,26.51697092106453,0.29758438904572065,5.3117366596760975,33.412845678006136,1.0113848509225143,16.576064802032047,0.4579094765436403,66.41302033762872,2.969232052364145,0.09926880011335017,M,P178+55,1907,9.925429e-05,9.930137e-05,69,9,6,"[62.71935272 58.02780914 58.5491333  59.40403748 58.60630417 56.59085083
 53.26631546 50.45186615 57.83805847 58.09837341 51.40311432 50.69538879
 51.6140213  55.56982803 56.47480011 54.5679245  50.94615936 47.56594467
 46.39308548 47.09298706 43.96139526 45.07788086 46.84083939 52.53395844
 51.31800842 52.47078705 48.9406662  45.04756165 43.23114014 42.82962418
 40.71147919 39.12649155 35.397686   36.49201584 40.59151459 49.87887192
 47.71276093 44.28796387 42.29418945 41.2530365  36.68776321 30.84189415
 24.13943291 23.31470871 29.74127579 48.72807693 47.79841232 44.98668671
 42.29346848 39.46395874 32.82265472 26.96900177 20.47608948 20.96146965
 43.97729492 50.77962494 49.1317215  45.83200836 42.30177307 38.42049408
 33.38502502 29.49134064 36.25932312 47.43495178 53.16777802 52.70267868
 50.10409546 46.11591339 42.59607697 38.25371552 41.10604858 43.99490356
 52.81056213 55.93360138 55.59487152 53.8661499  50.60385132 46.4822197
 43.79762268 42.79634857 57.50575256 57.13126755 58.98516083 58.22069931
 57.1048317  55.11141205 52.14035416 49.42306519 52.13145447 55.76094437
 60.72123718 58.4776001  60.01270676 59.18403625 58.13149261 56.39518738
 53.81720352 53.47184753 58.69861603 60.15280914]",273835
ILTJ123020.98+541022.6,187.58743700906314,0.33298129165441315,0.34425009431798337,54.17295529906657,1.5279065376172714,1.5304018996785445,0.38734089751171336,0.07366308273049071,0.10689980632707577,1.9712739720412964,0.20080438176773147,0.4424468811631738,13.715232021972884,3.6773099165160463,3.010959191065133,0.19346749989855144,78.48262274330753,5.470313199448191,0.07366308273049071,M,P187+55,3082,7.2800576e-05,7.270681e-05,69,9,6,"[48.84122086 44.85792923 45.07341003 45.8190155  45.47769547 44.20110321
 42.41092682 37.05844879 38.83299255 42.43328094 40.81630707 39.29042053
 39.87590408 44.12456512 44.30677032 42.90348434 41.16574097 40.02463531
 36.80986023 38.39994812 37.41403198 37.12149048 39.78328323 47.99234009
 43.52470779 41.79689026 39.6999054  37.87985992 37.67055511 36.29455566
 35.30080414 36.33702087 38.72872925 44.99291992 38.6434021  40.20896912
 38.74320984 36.70373535 35.35549164 34.41743469 33.46813965 34.99275208
 43.84873581 54.49207306 34.47486877 39.31421661 38.37404633 36.50792694
 34.62805557 33.33695221 32.144207   33.63097763 31.11568451 31.78125954
 37.69766235 40.41595459 39.31278992 37.04579544 34.81573486 32.8604126
 32.17253113 29.56411743 31.05560493 37.8553009  41.77885437 41.57619858
 39.81227112 37.26502228 35.4305954  33.51702118 33.84557724 34.90015411
 40.6644783  43.06029129 43.14122009 42.10274506 39.93901825 37.64711761
 34.9428978  32.73814011 44.78852081 43.79134369 44.98960876 44.59367371
 44.37925339 42.88841248 41.10437775 37.3038826  32.90608978 39.38904572
 47.44009781 44.68699646 45.80501938 45.47739792 45.00593567 43.90571594
 42.30535889 35.10677338 35.99626923 41.8903923 ]",263747
ILTJ125544.02+554606.9,193.93343197825385,1.2046832751224852,1.2085964701982472,55.76858891166088,0.8489303934414738,0.8544743690272523,0.7103275645014413,0.08157576667144895,0.16382068142837353,10.959608007943269,0.21341478164555086,2.2022865791117616,26.883989964856386,3.284439258554911,11.236426257865189,1.1208376323993463,145.8232689483269,9.795413276385807,0.08157576667144895,M,P196+55,7646,7.66472e-05,7.734381e-05,69,9,6,"[65.19598389 59.9829483  59.34765625 59.87746429 59.21735382 57.33424377
 54.20265961 46.42931366 45.48672485 54.97071838 51.19902039 47.83531189
 48.16857147 55.77193451 57.52445221 55.9397583  52.06906128 48.62520218
 41.94456482 45.63798523 39.37545013 37.50727844 40.66702271 54.34082794
 52.42892838 54.85005951 50.21702576 45.69206238 43.32776642 41.13913727
 33.23013687 30.22774887 28.82403374 39.24607849 42.71112823 52.47620773
 48.75764847 44.00435257 40.49780273 36.67037201 28.22359657 23.69880486
 26.6268158  41.41384506 33.23055267 49.69024658 47.51188278 43.53905106
 39.02362061 33.63555145 26.57807922 23.4037323  21.29612732 28.66831017
 44.15545654 50.36058807 47.93638611 43.75545883 38.92446518 33.14157104
 29.80564308 26.17937088 32.5670166  46.50694275 53.13558197 52.01541901
 48.78131104 44.31720352 40.10463715 34.79067612 38.8286972  43.37311172
 51.88806915 55.52188873 55.27626038 53.25684357 49.75422287 45.47234726
 39.90354156 37.786026   59.31908798 57.34565735 58.9133606  58.09633255
 57.09941483 54.87862396 51.94489288 45.94930649 46.09841156 54.95111465
 63.72644043 59.37935638 60.13676071 59.3374176  58.39128876 56.6599884
 54.04720306 45.62600327 49.44366074 59.73099899]",246410
ILTJ133819.46+465920.6,204.58109218056117,0.047829046426292335,0.1123440810427771,46.989067024840715,0.037023026313308116,0.10818631771482726,33.538583472791444,0.08894219354260713,6.7083063412643975,394.60081684681165,0.5826087115107713,78.92231382288261,36.1760148541216,0.1163742101988225,26.15216618972399,0.08211631216628502,157.79523278275926,0.5329886160977954,0.08894219354260713,M,P1Hetdex,6335,8.0657184e-05,8.35388e-05,69,9,6,"[45.41228485 41.96276855 44.26224899 45.14988708 44.66017914 43.29226685
 40.83942413 40.42266083 44.08702087 42.29080963 32.8753891  28.52214432
 30.59842682 40.93840027 43.14444733 42.1224823  39.07308197 35.66520691
 34.02127075 31.60343933 23.86309624 19.96252823 23.48337936 37.71188354
 39.05067444 40.98963165 37.67910767 33.53364182 30.41338158 27.09893417
 23.2096386  18.18421555 18.25736618 30.01987839 32.45462036 39.47679901
 37.1565361  34.00666809 31.02282715 27.80177498 23.78871918 17.7201519
 21.08319092 36.35428238 28.65664673 39.13786316 38.28889465 35.93811798
 32.98316574 28.92894745 25.54675293 19.83452797 14.15171051 19.80977821
 35.70717239 40.80254745 39.86201859 37.45040131 34.57066345 30.8244133
 28.35691643 20.05816269 22.47322273 34.90000916 41.92841339 41.96989059
 40.31075287 37.61056137 35.57866669 32.51018906 31.78082657 31.8128643
 38.97195435 42.99879456 43.37738419 42.32504654 40.06671143 37.09881592
 34.94678116 34.25214386 44.45304108 43.30004883 45.03753662 44.58538818
 43.95388794 42.7106781  40.65961456 38.00404358 39.98078156 44.31852341
 45.27309418 43.63962173 45.57563782 45.06795502 44.40156555 43.3088913
 41.61120224 39.80831909 45.37956238 45.70390701]",231534
ILTJ134413.84+484442.1,206.0576670472433,0.104036128688508,0.1454547728188712,48.74504913002698,0.12147965251088386,0.15840101274127866,24.697186597907983,0.10130677401321007,4.940476100188763,139.65261231635108,0.3374703358861041,27.932561130316092,24.761284869534673,0.3000753176667987,19.432091576097324,0.2276071201688056,62.059102291166255,2.470823057920461,0.10130677401321007,M,P1Hetdex,4260,8.48071e-05,9.017448e-05,69,9,6,"[35.78456116 33.08061981 36.12873077 37.55321884 37.29286194 35.80260849
 33.4084549  31.0990715  37.17831802 33.88645172 23.17106247 23.38178062
 28.77270889 33.56072235 35.40899658 33.47511292 31.22848892 27.83726883
 24.75837326 20.83556747 13.29044724 16.75693512 26.03689957 32.45144653
 31.24433136 31.75076866 28.98904419 24.87036133 20.24229431 15.3198328
 11.45946789 13.7885952  21.13908005 27.54421616 25.64592171 30.15365601
 27.51891708 23.69779396 18.74351311 13.93384171 11.12512207 11.57900524
 21.79726791 33.63962555 22.15419388 29.63534546 27.93108368 24.27698135
 19.76616287 14.51147842 12.1685133  11.01958656 10.21900845 15.73653698
 27.37167549 31.43703842 30.1070919  26.72903442 22.27442551 17.25016785
 15.68562508 10.53906059 15.54884815 26.91495514 33.11083984 33.40655899
 31.27554321 27.88373566 24.74827194 20.42978287 21.79519653 22.69958878
 30.74775314 34.7064743  35.09105682 34.0681076  31.63236618 28.25599289
 26.24376488 25.42718124 35.46670532 35.04582214 36.72764587 36.52354431
 36.12325287 34.92035294 32.77848816 30.85146332 33.0488205  36.15120697
 35.84735489 35.12926483 37.48529053 37.27388382 36.8639183  35.79258728
 33.96356964 33.21777344 38.31597519 37.16573715]",229761
ILTJ133729.50+563400.5,204.37291004593925,0.8554057275762622,0.8627841140768231,56.56682126136872,2.2569953580895583,2.2598020964612955,0.40868078654543255,0.11633484973572195,0.14217804568458786,8.873601301902681,0.21725936499709386,1.7879691368376858,14.448612354588782,5.563379519503914,5.5712975019242466,1.163447124921737,107.02315339936071,19.882101512771445,0.11633484973572195,M,P205+55,8593,0.000115752795,0.000115649,69,9,6,"[95.40141296 90.79009247 89.45227051 89.83618164 89.36477661 88.25894165
 86.45227051 85.28412628 90.36695862 90.90301514 86.91631317 84.62559509
 84.95889282 88.27368164 88.86841583 87.5447998  85.75814819 84.5941925
 84.08096313 84.66239929 82.56177521 83.73934174 84.61649323 88.2850647
 86.28159332 85.77844238 84.59402466 81.07162476 82.44091034 81.34353638
 81.32463074 82.12007141 80.36843872 78.87440491 78.48854065 84.01591492
 81.86775208 81.78543091 80.86135864 80.01325226 77.54556274 77.05830383
 76.1411438  72.79582977 69.74577332 82.2756424  81.7855835  80.39019775
 79.47357178 78.07188416 73.18988037 71.66400909 67.38746643 62.41814423
 77.61482239 82.7568512  81.46908569 79.68656921 77.96286774 75.91133118
 71.54750061 69.83132935 72.05156708 79.81741333 84.17946625 83.96012878
 82.11535645 79.76171875 77.64718628 74.4515686  67.77442932 76.72227478
 83.91729736 86.52503967 86.32373047 85.13950348 83.35700989 80.99324799
 75.32059479 68.14878082 78.60636139 83.98555756 89.17114258 88.52516174
 87.81408691 86.35198975 84.64137268 81.61526489 76.54832458 73.02141571
 87.6230011  88.07052612 90.12780762 89.44892883 88.65283203 87.50004578
 86.24927521 85.60221863 83.91053772 83.5453186 ]",219013
ILTJ133734.70+541406.6,204.3945925130602,0.937773489370018,0.9445086479743172,54.23517485267607,0.7724508486100704,0.7806137215367609,2.26183599990138,0.06869957724120468,0.4575540574960682,14.059889762583044,0.21315470213494056,2.8200452004323857,35.49759062807365,2.7443932959503443,12.506947540667408,0.8084174089465614,37.87584162738335,5.980147153382218,0.06869957724120468,M,P205+55,4862,6.864452e-05,6.846808e-05,69,9,6,"[37.06083679 34.57730865 36.13405228 37.4821701  37.32249832 36.00987625
 34.09984589 31.11829567 34.25036621 33.27106476 28.64235306 26.7907486
 24.38592148 31.22592163 35.23623657 34.58867264 32.69402313 30.849226
 28.08454132 28.0157547  24.18310165 21.82422447 17.0675621  26.13140869
 29.51786423 33.69084167 31.53154373 29.72644424 28.50497818 27.03897095
 22.7828064  17.48135757 12.45086098 18.73573685 23.53072357 32.88936615
 31.16885376 28.83729362 27.00052452 25.85677338 23.55288696 18.32373047
 18.61768723 32.09967422 20.76195717 32.55272675 31.87347412 29.88841248
 27.79477501 25.77395248 25.61316299 22.47037315 15.50859451 16.3574295
 28.45606613 33.69914246 33.2439003  31.61915588 29.57193184 27.36702156
 27.2603302  20.66520691 21.30327606 29.97605133 34.64225006 34.88796997
 33.90712738 31.96468163 30.7576561  29.0063324  25.6517334  26.71684647
 32.65742493 35.60514069 35.677948   35.18830109 33.60647964 31.4140358
 28.89875412 27.84288406 35.23210144 34.7617569  37.02164078 36.8814621
 36.34046936 35.63626099 34.0310936  31.07842636 31.93577576 35.15993118
 36.1776886  35.26101685 37.51756287 37.27173615 36.92922974 36.21000671
 34.6030426  31.79462433 36.13367462 36.33674622]",216354
ILTJ134659.09+500407.3,206.74620244009446,1.7960688092185009,1.8032444801158447,50.06871599958596,0.8011457807267738,0.8171058986428936,0.4293130437064303,0.07420102338073775,0.1134820666475896,13.958329344777198,0.07638763645398086,2.7927107610516626,33.09788251029445,4.234059564933508,16.157177885513835,1.8761156179354093,176.81846311349463,12.352410372547855,0.07420102338073775,M,P206+50,9879,7.437247e-05,7.476896e-05,69,9,6,"[42.44189072 39.86911774 41.42960358 42.32675171 42.01344299 41.09766388
 39.13824463 37.20779037 43.52572632 40.73228073 32.68766403 32.61504364
 33.56222534 36.88815308 40.82618713 40.43508911 38.07312012 34.88270569
 32.70396423 31.18172836 27.69413757 27.37040329 29.85900497 30.98897934
 33.26907349 39.77386475 37.70072937 34.4042511  30.92007256 29.42268753
 27.2744751  24.73043823 25.26249695 29.23000145 28.98231888 39.1594429
 38.55034637 35.24108505 32.74383926 31.16529846 26.85957527 24.82857895
 28.03599167 38.2600975  28.25365067 39.54645157 39.8428421  38.11162567
 35.6685257  31.62584686 28.50082016 25.11180305 19.20627975 22.24325752
 35.067379   40.61459351 40.77373505 39.07718658 36.79738617 33.16650772
 30.25101662 23.34278679 27.1348381  35.64403534 40.49459076 41.01396942
 40.1438446  37.79914856 36.38811111 33.70222855 31.78055954 32.00305939
 38.11979675 41.03307724 41.38117218 40.66082764 38.92202759 36.31712341
 35.28154373 35.41759491 40.09466553 40.27422333 42.21359253 41.91751862
 41.63290787 40.58356476 39.13744354 37.57638931 40.91184998 42.5980072
 41.46372223 40.67304611 42.61629868 42.2550087  41.78151321 41.0103035
 39.84146881 39.46890259 45.11223602 44.35230255]",212804
ILTJ135457.32+525316.7,208.73885253260863,0.3269089319721881,0.3471436041039212,52.88797245108403,0.4044103151183365,0.4209357849377687,4.625330426628415,0.13442232739180324,0.9347815917748988,117.98767526697777,0.3681081569948946,23.600406017937022,31.5491752472307,0.9831556631272236,24.011268112544084,0.7300109850145996,113.6117760545812,5.860168768680519,0.13442232739180324,M,P206+52,346,0.00010571619,0.00011060173,69,9,6,"[70.13978577 65.90483093 66.63822937 67.35002136 66.8622818  65.47657776
 62.77697754 61.77481079 67.9967041  66.5867157  56.01527405 54.19591904
 54.34401703 62.54417419 65.43434143 64.71294403 61.17501831 57.31509399
 54.74211884 53.39744949 44.91519928 44.81430054 47.2818222  59.9572525
 61.08560181 63.39912033 59.81042099 54.92826843 50.83821869 47.39822006
 43.22205353 39.83905792 36.84794998 46.77225494 52.49220276 61.43502045
 59.37155533 54.7181015  50.93951035 47.42271042 39.98512268 32.19017792
 27.61325455 42.96194077 45.03671646 59.9162674  58.72762299 55.42826462
 51.4580307  46.07703781 36.40442276 26.17861176 23.73880577 32.32157516
 55.25315094 60.89402008 59.07359695 55.34285355 50.91550064 45.22399139
 37.59841919 30.50419807 39.9269104  55.21435928 62.34324646 61.73698425
 58.83967209 54.61191177 50.56507111 44.96871948 47.35712051 50.18583298
 60.07522964 64.20522308 64.00576782 62.17633438 59.17811584 55.278862
 52.21565247 49.75831604 65.65893555 64.81280518 66.80426025 66.12461853
 65.14875031 63.42649841 61.05233765 58.26781845 61.05997086 64.98320007
 68.74562073 66.30021667 67.73632812 66.99227142 66.14622498 64.85552979
 62.98989487 61.90614319 68.84986877 69.40802002]",203166
ILTJ140252.84+541853.6,210.72018514080617,0.5771065072453412,0.5856500556365136,54.31490401070785,0.9743481907147692,0.9794327254647348,2.5566011067499192,0.19295427773613485,0.5465159851807355,6.346226240041053,0.4575142509025989,1.349185972863041,14.284153483655524,2.5383818425270297,6.880402131175313,0.8171830931519806,64.0818700854616,12.532083587489476,0.19295427773613485,M,P209+55,1769,0.00018725252,0.00018186145,69,9,6,"[68.90654755 63.71984863 64.29342651 65.53998566 64.85946655 62.64830399
 59.21049881 57.15864563 64.39749146 64.25054169 57.94229507 57.30367279
 58.33535767 61.9454422  62.02290344 59.60032654 56.56438446 53.84503555
 51.70475388 53.31500244 51.12255859 52.65249634 55.52473831 60.9020462
 56.15192413 55.90535736 53.44068909 50.49987411 49.64826965 49.29112625
 47.45672607 46.95855713 43.54954147 43.82687378 45.34124374 52.10791016
 49.99103928 48.07553864 46.59184265 46.10329437 42.07748413 38.43721008
 32.37435532 28.52415085 32.86273193 50.59453583 49.51581573 46.68709183
 44.5083313  43.14765167 37.52415466 34.1972847  28.20250702 26.24577713
 46.60161591 53.21482849 50.76866531 47.22688293 43.98698044 41.20667267
 37.86625671 35.49639893 41.85164642 51.61036682 56.10883713 55.75365448
 52.90321732 49.14720917 45.36575317 41.35873413 43.51034927 48.4696846
 57.7190361  60.38716888 59.85167313 58.10575104 54.97626114 50.96841431
 46.43164825 43.60435486 60.94600677 61.4501915  64.1493988  63.4419136
 62.17850494 60.48150635 57.26499176 53.51677322 55.27246094 58.93481064
 66.07865906 63.69288635 65.58099365 64.88806152 63.99655151 62.33506775
 59.23950577 57.64543533 64.40209961 65.7334137 ]",197924
ILTJ140340.56+541902.7,210.91901383651543,0.6138906034260025,0.6219290473493547,54.3174290357863,0.8276150525513544,0.8335950708657743,4.922548142594351,0.20071798644494265,1.0047621204687585,171.66229820265198,0.4554748367369718,34.33548080769438,34.75271394020668,2.1366591710904457,19.824793864958323,1.1500449075174837,62.0000564257269,6.968991854432206,0.20071798644494265,M,P209+55,1534,0.00019969133,0.00019436321,69,9,6,"[44.97821808 42.16717529 45.34873962 46.65133667 46.17346954 44.62004852
 41.71518707 37.78186417 43.45422363 41.47892761 31.7276516  31.43105316
 36.15519714 41.05796814 43.6086235  42.85674667 39.47789764 34.87820816
 30.73675346 28.32166481 21.59308243 22.83404922 29.32870483 36.31183624
 36.81462097 40.92073059 37.48765182 32.71847153 27.32180023 23.55015945
 21.14844513 18.74744797 19.83590889 25.46930313 28.39409256 38.79977798
 37.00636292 32.22888947 27.85394287 24.500103   21.23937035 17.03577995
 17.3544693  21.11567307 22.00315666 38.66068649 37.67282486 34.24127197
 30.04414368 25.40444946 22.942173   19.07497025 12.09051228 14.1345129
 34.21382904 41.18208313 39.8545723  36.4825592  32.59009933 28.09873581
 26.02420807 19.0711689  23.83980751 35.87488556 42.82085037 42.79828644
 40.78458405 37.49269867 34.62579727 30.4940567  29.5692215  31.74081802
 40.25724792 44.46657562 44.55772018 43.41526794 40.86892319 37.13772964
 34.13529968 31.98947334 42.96068573 43.82240295 46.40710449 46.00874329
 45.56403351 44.01033783 41.61570358 38.60735703 39.82558823 42.25483704
 44.05752182 44.22519684 47.01396942 46.58548737 45.92430496 44.7057724
 42.6391716  40.834095   44.13317108 44.02430725]",197696
ILTJ120549.73+504931.0,181.45719002820744,0.1338447274465076,0.2092466116769511,50.825293937280435,0.12932795056446364,0.20638665710326146,16.25816751586277,0.08787195110926405,3.2528206096780017,163.30155541804925,0.34006184386702504,32.66208141156688,37.8306599041462,0.38970008707870185,20.599521066144717,0.2005480214758189,43.628658221886674,1.121529886182072,0.08787195110926405,M,P21,2705,8.526482e-05,8.493214e-05,69,9,6,"[38.65878296 36.71772003 39.34576797 40.64374161 40.52405548 39.70313263
 38.31191254 33.02277756 34.05711365 34.54897308 30.64476204 29.14214706
 30.53212357 32.72144318 37.52950287 38.87303925 37.44795227 34.89163208
 29.91036987 29.67759323 27.48835373 24.00991821 23.87030792 21.25360489
 26.17871094 37.95187378 36.71108246 34.6592865  32.82572556 30.28622818
 28.23033142 22.1791935  16.0864296  14.64592361 20.34250259 37.42079544
 36.85116959 35.29655457 33.69893646 31.62428474 30.10279465 23.03707886
 18.38284302 26.03853226 19.23973846 37.84701157 38.33501816 37.28869629
 35.87683105 33.50933456 31.57452202 27.19609451 16.74065971 16.73161888
 31.64251709 39.4239006  39.64538574 38.62491608 37.19556427 34.97751999
 32.6167717  25.2311554  25.58158875 33.6933403  39.16878891 40.05569458
 39.43902588 37.86587524 37.16467667 35.37022018 31.57064438 30.6330719
 36.18827438 39.28092957 40.00709534 39.72221375 38.46998596 36.66514969
 34.97373199 34.99588013 40.64641571 38.96105194 40.27005768 40.25819016
 40.1776123  39.55445099 38.46088409 36.29019928 38.38245392 41.9060173
 39.40263748 38.43141937 40.6484375  40.55599213 40.33238983 39.75985718
 38.82875061 36.32146454 40.40141678 40.72944641]",193558
ILTJ140627.18+480829.0,211.61324354851413,0.3382165620858935,0.3519081304951785,48.141410378690246,0.3790171670368572,0.3912836596997829,3.631175517687068,0.05713054270017893,0.7284787742406877,49.29922909484356,0.1726215704350812,9.861356792065395,37.27911567038114,1.0580372775327749,20.762328357334443,0.558085490945025,130.38748908895332,3.158128803726973,0.05713054270017893,M,P210+47,1241,5.7138408e-05,5.7144192e-05,69,9,6,"[53.66266632 50.44690323 52.0059166  52.81080627 52.06282806 50.2548027
 46.99931717 44.75351715 49.77636337 49.53087234 42.47660065 39.41559601
 40.13817215 47.78872681 50.68920135 48.84454346 44.57640839 40.12708282
 39.15782928 38.30374908 35.00402832 32.46017075 32.56561279 43.39198685
 46.5004425  47.47576904 42.71487427 37.00682068 33.85797882 33.08638
 33.84645844 28.22896957 23.86261368 32.06312561 38.63534546 45.43314362
 42.110672   37.6684761  34.78303909 33.70617676 32.07830811 23.22680473
 19.45221901 30.6813736  32.55369949 44.64604187 42.91026306 39.76777649
 36.82273865 34.02836609 28.66293526 20.79796219 14.17082882 21.56820297
 42.38438416 46.1658783  44.48518372 41.13693237 37.56993866 33.76038361
 28.74201202 22.84029007 28.93319321 42.98651123 48.36579514 47.62798309
 44.99011612 41.07783127 37.74054337 33.45111084 35.60253143 38.0255928
 46.76068878 50.22241974 49.96966553 48.21131134 44.99692917 40.79891205
 39.08005524 37.95142365 50.98892212 50.76902008 52.77180862 52.02613449
 50.9681778  49.05106354 46.24380112 44.50322723 45.59237289 49.51790619
 52.99687958 51.54260635 53.51502991 52.69001007 51.66326141 50.07134628
 47.85800934 46.20329285 50.82123566 52.21359634]",185152
ILTJ141047.79+461557.8,212.6991247324264,0.022962039310229374,0.12892969353959996,46.26606396939801,0.05288994019813712,0.13745165113993052,30.812510912548746,0.11993654334219173,6.1636691932538294,310.85752327976206,0.6045299271908355,62.17444368563328,34.991644450764234,0.12484791169337164,16.463049055031593,0.05337135517219197,93.57253451215594,0.3374112712637282,0.11993654334219173,M,P213+47,4639,9.456428e-05,9.847401e-05,69,9,6,"[51.86353683 45.68152237 43.39490509 43.13965607 42.22434235 40.50692749
 37.42559814 38.3037262  50.12174225 48.681633   38.45579529 35.93429565
 35.35727692 40.33071899 41.35267639 40.00333405 35.72406769 32.56325531
 33.82934189 34.21900177 28.14970016 28.29356003 30.76337433 40.03488922
 38.21152496 39.89961243 34.88200378 29.94967842 28.35252953 28.01650238
 24.1594162  20.26688004 19.34852982 27.84301376 29.69249535 37.9450531
 34.50640106 30.25472641 28.32971191 26.75688171 18.80209923 12.46577168
 14.08071613 29.74416733 22.86185837 35.0147171  33.39102173 30.48373604
 27.75976944 23.68085098 15.21996117 10.20897102  6.94551611 13.49961185
 30.51140594 35.03220367 32.98091125 29.53272629 26.02897644 21.38381958
 16.09112549 11.54225731 17.74759674 30.9482193  37.4845047  36.03857803
 32.75585938 28.45275497 24.92363548 20.76137924 26.6542244  27.99833488
 36.15530014 39.67572784 39.05994415 36.58668518 32.91885376 28.99888229
 27.09436798 27.79417419 47.2202301  42.37296677 42.97202301 41.81719971
 40.30343628 37.74825287 34.97631454 33.20663071 40.48432159 47.20903778
 51.14138794 44.43466568 44.12847137 42.81510162 41.44885254 39.69737244
 37.3757782  39.61232376 50.97562408 52.22789764]",178884
ILTJ143600.05+480524.0,219.00020324205227,0.7085290445470659,0.7250981414730651,48.0899990098909,0.5219907830871695,0.5442685783956954,0.3353645600277189,0.06647613918175921,0.09443438253843796,1.0927752993194515,0.14667449926534532,0.2632104156883775,6.958711364469469,2.0491842791297556,3.004350184014783,0.309056603759132,36.946712700541134,10.246061352181336,0.06647613918175921,M,P217+47,1104,6.631204e-05,6.6160515e-05,69,9,6,"[66.58968353 61.32919693 59.89289093 60.596241   60.25424576 59.23032379
 56.94675446 56.8716507  63.2587471  63.42656708 54.70439148 49.9707222
 49.56327438 56.17912292 58.45788193 57.55842972 55.37798309 54.48378754
 54.47826385 52.97942352 44.30224609 41.65955353 44.69451141 54.11358261
 52.85747147 56.19136047 54.00071335 53.23843384 51.36613083 47.74828339
 42.78321457 38.11175537 37.24484253 44.50554657 46.34353638 54.39146042
 53.54468155 50.82046509 50.01461792 47.18062973 42.1228714  35.16337204
 36.62126923 47.26801682 39.82690811 52.61776733 52.2179718  50.22543335
 48.1068573  45.72795105 41.26145554 36.92808151 30.7928772  31.85003662
 47.81745148 53.6580162  52.76852798 50.5321579  48.07899857 45.16831589
 42.97738266 36.28890991 37.63283539 49.53639221 54.97027206 54.87695312
 53.43939972 51.10227966 48.88453293 46.42207336 48.46759415 47.50230408
 53.80059814 57.1569519  56.84967422 55.87395859 54.24449539 51.45995331
 49.19007874 49.67923737 62.82138824 59.12318039 59.73698425 59.278965
 58.26739502 57.64810944 55.4491539  52.95929718 56.96086121 63.7564621
 65.82273865 60.49058533 60.70143509 60.10889053 59.51033783 58.56219482
 56.83628845 55.68462372 63.49902344 66.84580994]",165847
ILTJ145417.54+491358.9,223.57309218586136,0.8193068662495423,0.8262087871017985,49.233049241670294,0.7788242644117296,0.7860817092624985,1.298380936829015,0.11308517423458395,0.2832313169769647,57.99971683079772,0.20398460624640724,11.601736758679467,29.805685529174056,2.010840149648832,26.152155009954328,1.7442251569363982,34.872233388099,23.49784126814748,0.11308517423458395,M,P223+50,2936,0.00011124235,0.00011043346,69,9,6,"[49.52981186 47.95648575 50.61293411 52.04441071 51.72567749 50.41399765
 48.29220581 41.68315887 41.67362976 42.26837158 41.80461121 41.87049103
 42.60096741 47.01555634 49.80559921 48.95316315 46.80626678 44.17403412
 41.89829254 40.37072754 38.4577713  39.2745018  38.59547424 43.99742126
 44.62479019 47.60562134 45.57559586 42.92565155 40.86368561 39.09438324
 37.55063629 37.5421257  33.96160126 33.95864487 37.37646484 46.58335495
 45.7266922  43.12046051 40.8367691  39.00627136 37.38466263 35.86936188
 32.79911423 30.81091118 30.04731369 47.06315231 47.06466293 45.25717926
 42.79125214 39.81027222 37.42406464 34.55740356 27.03669167 23.77558517
 42.37797928 49.15845871 48.99346924 47.20399094 44.62371063 41.3999176
 38.56454086 33.40387726 36.28738022 44.44187927 49.68247223 50.33562469
 49.28372955 46.86925888 45.08073807 42.01264954 34.47894669 40.39239883
 47.30261612 50.38039398 50.99036026 50.39509583 48.38042068 45.58787537
 39.44654846 33.64679718 42.56508636 47.3928566  51.69855499 51.56794739
 51.24919128 50.36241913 48.51894379 41.83761597 32.17513275 34.95450211
 45.54611206 48.6535759  52.20287323 51.99772644 51.56266403 50.62353516
 49.10829544 38.24589539 34.27787781 38.04278946]",145427
ILTJ145416.96+491301.7,223.57066276607654,1.0562127008530142,1.0615754745866155,49.21715916238393,0.8682652670327513,0.8747809970135579,2.415738363937701,0.11204635666217656,0.495969817389409,83.57818596097844,0.3007302691985028,16.718342185633357,30.138201526259717,2.53030573971626,24.211046094418467,1.9910034837229984,163.04043708074244,18.790474434761613,0.11204635666217656,M,P223+50,2940,0.0001096909,0.000108932756,69,9,6,"[60.60302734 58.63884735 62.50300598 63.54092789 63.22398376 62.06407166
 59.81059265 56.73577118 58.23893738 55.5293045  47.40151596 43.82352829
 48.83721161 57.86571884 61.49539948 61.05992126 58.34176636 54.27889633
 49.47149277 46.39724731 37.32674408 33.77303314 40.17736816 48.5439682
 53.00115204 60.0955658  57.24386215 53.31583405 47.98733521 43.15866852
 37.6836586  31.75207138 30.66711235 41.31502151 46.34589386 58.95328522
 57.91622543 53.51617432 49.25963593 44.70069122 37.55858994 31.42261124
 30.712677   39.81560516 40.70981598 58.87076569 58.58834839 55.94122696
 51.90188599 45.64617157 40.6510582  33.39774704 26.07954788 33.72464752
 53.09446716 60.83934784 60.2033844  57.54150772 53.97016907 48.5809021
 44.3014679  35.06311798 39.31069946 53.55300903 61.50883484 61.74847031
 60.19070435 57.28958893 54.8649292  49.97907257 41.37467575 47.09832764
 57.31624603 62.15626526 62.53086853 61.58965302 59.42695618 56.22994995
 49.95437241 42.48405457 51.13030243 57.88968658 63.40065002 63.17610931
 63.00654984 61.58747101 59.75513077 54.67705536 48.86674118 46.71707153
 55.75205994 59.71652222 63.85414124 63.53305054 63.03341675 62.11141205
 60.4743042  54.92449188 54.93346405 53.05883789]",145430
ILTJ145905.38+540508.5,224.77241717412426,0.3002405813018256,0.3277821534910345,54.085703384775066,0.18899568318170046,0.2302522567708721,8.29490698053699,0.105403050838504,1.6623264046981014,80.89947054445149,0.2969509034883264,16.18261886141997,37.56766550973065,0.7788550973634711,16.17434041302345,0.30219480982343483,154.28776474239942,1.8586511742643292,0.105403050838504,M,P223+55,1207,0.00010306426,0.00010286264,69,9,6,"[46.63032913 42.59351349 44.23053741 44.92344666 44.22248077 42.46213531
 39.38587189 38.45272827 41.50719452 41.99951553 33.12304306 30.73188591
 32.60467911 40.518013   42.10701752 40.87361526 37.08883667 32.99677277
 28.99175644 29.35296249 22.33346558 20.85375977 23.69070053 35.04433441
 35.81182098 39.33188629 35.23203659 30.3559227  26.65132523 23.95258331
 20.87849426 15.77579308 12.36910343 20.97541046 27.19760132 37.11388397
 34.22901154 30.08704376 26.87214279 24.11639404 19.59151077 12.1818428
  9.84344769 22.26134491 21.40563202 36.03724289 34.56253052 31.37513351
 28.04135513 24.04378319 19.67398453 14.28814983  7.44625854 12.20292854
 32.06774521 37.77960205 36.06997681 32.67657852 29.14077759 24.97359467
 22.07017899 15.46847153 19.96940613 32.91004181 39.95132446 39.44073486
 36.98040009 33.37135696 30.31255722 26.46244812 28.54150391 29.84410858
 38.01285553 41.94554901 41.95879364 40.29373932 37.34085846 33.57546997
 31.05119133 30.4510994  44.70071411 43.12162399 44.61737061 43.96185303
 43.03255463 41.2208252  38.5454483  35.90876007 39.44248199 44.33465195
 46.38098145 43.85076523 45.44265747 44.72612    43.81220627 42.29555511
 40.02585983 39.30492783 45.32895279 47.00194168]",136085
ILTJ144436.43+542309.3,221.1517950446274,0.11725720377075295,0.17619870976513372,54.385928597838976,0.15953652474766622,0.20675743327707632,6.823279473319397,0.07989891309989616,1.366992884822528,70.15689544585435,0.27556598793185105,14.034084785183765,31.716324715226897,0.42040588396402895,16.596983276502353,0.20158435162022664,119.18597241307164,1.3555406984098648,0.07989891309989616,M,P223+55,5797,7.857289e-05,7.8121484e-05,69,9,6,"[58.39599609 53.0599823  51.80389404 51.95506287 51.16858292 49.3738327
 46.28079224 46.32964325 55.06455612 54.66448975 46.38405609 43.20241165
 42.499897   46.88684082 50.04481506 48.59741974 44.4053421  41.17313385
 42.17328262 42.56344986 37.97653198 35.65395355 36.95435715 42.93025208
 42.49497986 47.95569611 43.04854584 38.13584137 36.6020813  37.20034409
 33.15710449 28.75706863 24.62333107 33.42313766 35.35774612 45.80686951
 42.25437164 38.13825607 36.35924911 35.86971283 27.34388733 20.11752892
 17.49726868 35.90239334 30.27215195 43.41664886 41.42624283 38.46446991
 36.14814758 32.50525665 22.64511871 16.31589317 12.70000458 20.77796936
 38.87565231 43.61860657 41.49081421 38.04466248 34.4657135  29.81358147
 23.06692123 19.20961761 26.52270699 40.67718124 46.31643677 44.71187592
 41.43181229 37.00971985 33.05814362 28.39616394 33.90719604 36.26185226
 45.25746155 48.44907379 47.78744888 45.47369385 41.94164276 37.91000748
 35.81798553 35.81177521 53.80327225 50.49111938 51.60904694 50.60405731
 49.25614166 46.91730499 44.05880737 42.51425171 48.90629578 54.02204895
 57.29380798 52.2494278  52.69164276 51.58094788 50.40237427 48.66706848
 46.38394165 48.23584747 58.0308342  58.67347336]",139898
ILTJ145825.42+484234.4,224.60593170383842,0.050237298480027406,0.4041688248360717,48.709570398249795,0.05923238772435304,0.4053851607623643,50.86325897731266,0.17560207925271246,10.17416731934191,589.1186810907219,1.7701185357148044,117.8370321080489,45.296069526241986,0.16803391150379296,20.73010943333498,0.07221196085132207,51.3082841156962,0.3570884066421753,0.17560207925271246,M,P225+47,2017,0.0001725805,0.00017130624,69,9,6,"[49.58807373 44.63334274 43.12103271 43.00102234 42.11555481 40.71620941
 38.08773804 37.80030823 47.16365051 46.15358734 37.67096329 35.97904587
 34.56243896 37.92063904 41.05694199 40.54602051 36.77615356 33.81031036
 35.00634766 34.64191818 29.76942635 31.20895767 30.27910805 34.95290375
 35.49950027 40.44880295 36.42551804 32.19985962 30.89328957 29.61186981
 28.3002491  26.23066902 23.25389481 25.53142166 28.17538452 38.82718658
 36.14500427 32.68811035 30.88815689 29.35287094 24.87003708 21.59662437
 22.38361359 30.16340828 22.68017578 36.71733856 35.23144531 32.38478088
 30.23397446 27.29074478 22.04182434 20.11429214 14.16250229 16.3564167
 31.53768921 36.77187729 35.18906784 32.24000168 29.21982574 25.7292881
 22.02893829 17.64255142 21.63531876 33.03319168 38.69532776 37.80835724
 34.91849136 31.36336136 28.52953148 25.37516403 28.14869308 29.80372429
 37.12628937 40.69136429 40.18424225 38.01340485 35.04204941 31.81240082
 30.07407379 29.38525772 44.75610352 42.06329346 43.3593483  42.30425262
 40.84039307 38.78824234 36.55400085 35.03681946 38.82844543 44.07274628
 48.2229538  43.79328537 44.11095428 42.85158539 41.57733154 40.12203217
 38.41498566 39.33193207 47.63592148 48.2907486 ]",134346
ILTJ151537.18+504305.0,228.9049180094564,0.14174434022587798,0.17863103717736853,50.718073824490396,0.12229270311496836,0.1636248596398443,21.18017269387309,0.1973759790416807,4.240630364791788,222.25344941884583,0.4974506361333592,44.45347329825205,26.761973316687666,0.3373170538385184,22.916340250670718,0.2838288835576826,16.88705216294317,3.758495228238855,0.1973759790416807,M,P227+50,895,0.00016271796,0.00018727225,69,9,6,"[38.04523468 34.30955505 35.68643188 36.55367279 36.24910736 35.05325317
 32.94038391 32.92298508 40.98033142 36.89115524 25.46929169 22.28905869
 26.06485558 33.74892426 35.02615356 34.13810349 31.60977364 29.00609398
 27.03344345 24.48694229 15.60917282 14.34935188 23.00194931 36.45019531
 32.3760376  33.04428864 30.31443405 26.46744537 23.85315323 19.46615219
 13.49337196 11.32193851 17.56549454 30.10997391 27.36556244 31.63804626
 29.53637314 26.11355209 23.00725174 18.36519051 12.67608833  8.9556942
 18.89566422 36.8829155  23.30665588 30.4995575  29.36059952 26.39959526
 22.88539886 18.16083908 12.91211414  9.10801888  7.80142879 14.73820019
 26.98839188 31.35653877 30.19013596 27.45819473 23.87553406 19.0974617
 15.51392365  9.49308395 13.75863266 25.90288925 32.65330505 32.51591492
 30.48775864 27.33572006 24.50720596 20.40685272 21.91395378 22.08734512
 29.75694656 33.59599686 33.93383408 32.8300705  30.48622513 27.47008133
 25.70180511 25.3811512  37.27622223 34.67771149 35.80502319 35.38781738
 34.81489944 33.6126709  31.68092346 30.19842911 34.81887817 39.18906784
 38.14745331 35.25912476 36.61616135 36.18476486 35.64476013 34.60702133
 33.09103394 34.02754211 42.35199738 40.69496155]",127863
ILTJ150609.68+531040.1,226.54032344527008,0.28149010726344104,0.3365332172885802,53.177818117832786,0.3550514094468752,0.4000992741828355,4.088728186776194,0.18999475287273526,0.8395272083337725,40.464545304928414,0.2794872037647503,8.09773364383223,22.445472598249562,0.8736597690292581,16.60218682252121,0.6124814008502554,65.07700090184949,6.602209985179867,0.18999475287273526,M,P227+53,3495,0.00018121116,0.00017938676,69,9,6,"[28.44835281 25.03142738 25.39737511 26.23607063 26.01478195 24.89442444
 23.1053772  21.29629707 27.16871834 25.21725082 20.66914749 19.79345322
 19.99307251 22.82214546 24.65221024 23.94425774 22.05929184 20.54215813
 18.42139244 18.6231842  17.99303818 18.94464874 19.57019234 23.51398468
 20.86491585 23.01847076 21.00682068 19.26047134 18.18033409 17.70976067
 17.60540009 17.54998207 16.38875961 18.25616074 15.48761368 21.8417778
 20.40907669 18.34483528 17.17111206 17.35515213 15.56612015 15.36079788
 18.42487717 26.42246246 11.21021843 20.90735435 20.21596146 18.61343002
 17.26726532 15.8596611  13.4956913  13.39039326  8.96272087  6.92342043
 17.01339531 21.43850708 20.5869236  18.75738144 16.89757156 15.01303005
 12.75289345  9.24350929 10.90307808 18.15755844 22.32250595 22.08352852
 20.54363632 18.2227211  16.53354836 14.62404442 13.03835487 14.40668297
 21.00120926 23.52229691 23.46127701 22.48224068 20.61903954 18.48799133
 16.03794861 14.52832413 24.55334854 23.54446411 25.4048996  25.04235458
 24.45113564 23.39202499 21.79125023 19.48148155 21.03445244 24.186203
 26.81946564 24.76667404 26.19971848 25.81819153 25.37245941 24.48583984
 23.02169037 21.61029816 27.48676491 27.15711975]",125890
ILTJ150912.98+523145.6,227.3040649495507,0.17837687695015744,0.25658572852345235,52.52933847003624,0.14741712304927992,0.2361138158167491,6.291970146822744,0.11333130532875656,1.2634870469885573,47.842469864072925,0.2991989491547569,9.57317068264033,31.05582208335317,0.4829760719992999,17.484413391303708,0.2523470280573053,144.3265615294814,1.7121630056676396,0.11333130532875656,M,P227+53,2586,0.0001141329,0.00011445506,69,9,6,"[47.33979797 41.38471985 39.54928589 39.58052444 38.75743866 36.94046021
 33.69326401 34.23064423 44.87172699 43.76792145 34.23732758 33.16213989
 33.92215729 38.12677383 37.81495667 35.83220673 31.53530884 28.30860329
 27.7888813  29.05632782 24.07707787 26.93249321 31.63721085 39.08785629
 34.69805145 34.91025543 29.93494415 24.95617676 22.87611771 22.44597054
 20.62056351 20.53829956 21.44738388 26.82797241 25.77514458 32.44621277
 28.77034569 24.33998299 21.97451973 20.79837036 15.67564487 12.44851112
 14.40904427 23.50614166 17.28647423 29.84742165 27.77404785 24.43117142
 21.35126686 18.11716461 11.4912138   8.35828018  5.78419638  9.29943848
 25.92298889 30.32565689 28.00055122 24.22838211 20.37491798 16.18812561
 11.93685722  8.93359756 15.47862911 27.08370781 33.06365967 31.72990417
 28.51938629 24.27232361 20.44210815 16.14948273 21.96222687 24.14825821
 32.42401505 35.60414886 34.95647049 32.83455276 29.41016006 25.26328659
 23.1248951  23.04136658 40.82527542 38.29637527 39.05273819 38.00819397
 36.68670654 34.46319199 31.47584343 29.81036186 35.10540771 39.8575592
 45.40724182 40.35280609 40.23978043 39.15135956 37.94526672 36.1714592
 33.81902695 35.77770615 44.86655426 45.68245697]",125235
ILTJ122822.21+475357.1,187.09254188932724,0.981482476294398,0.9866848609899351,47.899206284361384,1.2105553659138115,1.2147771225934685,2.513582966250751,0.0707605795469135,0.5076721705459657,141.1249346218089,0.22377033668113308,28.22587394650469,41.90457974696412,2.9195322283541705,32.34185474513299,2.2235541777709886,110.80667215380295,13.788174455480444,0.0707605795469135,M,P23Hetde,526,7.059599e-05,6.9915484e-05,69,9,6,"[40.03565216 39.31776047 43.93211746 45.56519318 45.53849411 44.82204437
 43.50281525 33.4090271  29.2683754  33.94180679 32.25764847 31.31605148
 34.56040955 39.69876862 43.31008148 43.76907349 42.64005661 39.47220993
 33.94805908 32.15896606 29.98385239 28.15015411 29.60097504 33.57948303
 36.1086731  42.66624451 41.91178894 39.81842041 36.50538635 33.13103867
 33.64260101 30.30034256 27.81852722 31.43812943 33.3733139  42.4770546
 42.63840103 41.02737427 38.91819    36.78013229 38.51649475 35.39943695
 35.37746811 40.78381729 31.62450981 44.15023041 45.09973526 44.27685928
 42.90118027 40.80987167 42.39391327 39.83494568 29.0264473  26.40077019
 40.20495224 46.50052643 47.27509689 46.65036011 45.73110199 44.22689819
 43.61777115 34.50556564 32.86582184 40.11062622 45.68134308 47.03286743
 47.09732056 46.23139572 46.3582077  45.41756058 38.29427338 36.84547424
 41.99222183 45.40748596 46.22565079 46.32533646 45.61984253 44.1499939
 42.59254456 42.06518936 43.09585953 43.45491409 45.63411713 45.85411835
 45.99601746 45.65507507 44.82360077 41.3134079  38.75302124 43.28455734
 40.6962738  42.28370667 45.64661407 45.76225281 45.71689987 45.35811234
 44.46458435 35.53384399 33.61275101 39.2518692 ]",110636
ILTJ121537.67+521414.8,183.90694014840415,0.1239771771618796,0.15164967847854474,52.23745404244919,1.0058859878798074,1.009670196221793,0.5399849541581747,0.09209060954162852,0.14192966706942184,1.5285150921016262,0.2031929506448603,0.3670718058678197,9.410670279670386,2.3853946713454492,2.045697627418281,0.07596563651391773,82.11994472604198,3.1582114193847444,0.09209060954162852,M,P25Hetde,5744,9.088068e-05,9.231611e-05,69,9,6,"[48.53898239 43.76673508 42.33098602 42.89043808 42.63834763 41.71907043
 40.11672974 39.63864899 46.32758331 46.31687546 40.49584198 38.78142166
 35.91995239 39.35080719 41.66171265 40.5451088  39.10722351 38.49698639
 39.19698334 38.4987793  36.97386551 39.05072021 35.76888275 38.72474289
 37.83636093 39.25518417 37.97101593 37.16013336 36.83597565 36.50260925
 35.20883179 39.58637238 36.06944275 36.15713882 33.27295685 37.90149307
 37.02714539 35.94592667 35.68761826 35.09753036 33.61449051 38.80179596
 40.78232574 47.65793228 30.33558655 36.86972809 36.45254517 35.43764496
 35.05704498 33.63702393 32.87337875 36.24380875 31.23471642 26.69973755
 35.23706818 37.3916626  36.63124084 35.37127304 34.29835892 33.06376266
 32.46470261 29.72692108 30.87294769 35.39240265 38.55237579 38.22607422
 37.01147842 35.34210968 34.3405838  33.27925873 34.81932831 34.02444077
 38.32040024 40.25338364 39.90180588 38.94483185 37.4650116  35.78350449
 35.18735123 37.33995438 47.32406616 42.01403046 42.18811798 41.71268845
 41.17828369 40.08371735 38.58196259 37.93393707 44.03353119 49.08296204
 48.56386566 42.88491058 42.98895264 42.53960419 42.04110718 41.14632797
 39.82378387 41.77397156 49.85630798 50.5646286 ]",109129
ILTJ123527.84+531457.1,188.8659889486271,0.0904108783794438,0.12030327813826065,53.249199268422146,0.10393551613399886,0.1307721045005771,31.303084366595254,0.1820184988901019,6.2632622784316965,275.896451822139,0.5871295242011275,55.18241392146618,30.063647723631334,0.2741891342009639,19.938396143732444,0.17334817497918548,125.04823371384786,1.2575299272591072,0.1820184988901019,M,P29Hetde,5154,0.00013157979,0.00013631044,69,9,6,"[35.15438843 32.29150391 34.21179199 35.26370239 35.09772491 34.20530701
 32.71479416 31.6530571  38.14069366 33.87679291 25.12698746 20.38277245
 21.37550926 30.59774017 33.85351944 33.39712906 31.91592026 29.82662201
 27.5737648  25.52469254 19.76305389 13.8779583  15.39169502 28.86200714
 30.10773849 32.56924438 30.95672226 29.05609322 27.13191986 24.22923279
 19.56071854 12.69675541 11.36644363 21.99833679 24.22088051 31.76542282
 30.75734329 29.21134377 27.72673035 25.00932693 20.19020844 13.03180122
 15.89896774 30.82875824 21.3434906  31.54841614 31.34636307 30.12781143
 28.93635941 25.28214645 21.12157631 15.0777092   8.82984257 13.23776054
 27.34895897 32.41012573 32.14657593 30.89933014 29.45208359 26.38153839
 22.56831169 14.66769218 16.15058517 26.99094009 32.82131958 33.08871841
 32.08311844 30.16564941 28.89458847 26.41864204 24.35861206 23.43732834
 29.92051125 33.38184357 33.65338898 33.10667038 31.58557701 29.54187775
 28.11541557 27.92699051 35.80966949 33.50867462 34.71531296 34.51567078
 34.20016861 33.40686798 32.11685944 30.4986496  33.0717392  37.06365967
 35.57757568 33.52724838 35.25571442 35.02190781 34.69493103 34.00050354
 32.90962219 32.5434494  38.54922867 37.27864838]",90861
ILTJ123935.22+501218.6,189.89674291789242,0.29458261904508265,0.30784288535035376,50.20516678562743,0.2888171149551921,0.3023303631930002,2.923620689107687,0.06811986531829461,0.5886787183193588,18.89953477021416,0.14452810857349185,3.782669025356196,34.34872507051621,0.9264613907851068,12.82125911292063,0.2922782608981066,134.34477009292058,2.146483704227197,0.06811986531829461,M,P30Hetde,6201,6.501985e-05,6.727426e-05,69,9,6,"[42.29930115 36.42396164 33.94460297 33.79743958 33.14118958 32.13385773
 30.20748901 30.23286819 39.0704689  38.7807045  30.88324356 27.41565323
 26.88848686 30.73809814 32.35404968 31.74251366 29.20138741 27.94148636
 28.37729836 28.42156601 23.32347107 21.51669312 24.49684143 32.71593475
 28.31234169 31.13981819 28.50580025 26.42558289 25.81744385 25.04491806
 21.49923325 16.7611618  16.00924492 25.57271194 22.24287796 29.40536308
 27.72152138 25.57784653 25.39138985 24.58862305 18.64129829 13.96776962
 16.9820137  30.82325745 17.53888702 27.28719711 26.59614563 25.04888153
 24.00854683 22.3963356  17.96510696 15.83486176  9.55868912 11.92956161
 23.10549164 27.45453072 26.31290054 24.46243668 22.8498497  20.86688995
 19.30568123 13.28673553 13.75931644 23.78359985 29.05892944 28.42546654
 26.51460457 24.30102539 22.82360077 21.3976841  23.88542938 22.53938293
 28.02036667 31.08362579 30.63842773 29.06534386 26.97260094 24.6817379
 23.90752411 25.46923065 37.87417603 33.25624847 33.74647141 32.85850143
 31.64673996 30.0765686  28.31600189 27.37218475 32.98551178 39.08569336
 41.09627533 35.04307938 34.59106445 33.57328033 32.5681839  31.39004707
 30.01751328 31.19552994 41.07693863 42.50457382]",85815
ILTJ124858.88+523930.2,192.245348583712,0.3334359835302597,0.3792625392593327,52.65840703367672,0.416589443973497,0.4541005212536017,2.194092376815331,0.08126387547235936,0.4462795892450753,49.131319547942326,0.1595767043707215,9.827559572216222,32.17912204338526,1.1607044926025658,14.964544080415767,0.4812723221311161,52.81686615730555,3.3253376424414878,0.08126387547235936,M,P33Hetde,5159,8.054298e-05,8.024064e-05,69,9,6,"[23.83236122 21.3395977  23.6842804  24.52034187 24.26139069 23.14828491
 21.22679138 20.49136734 26.36680984 22.33503723 14.86656666 13.50635529
 15.29110336 20.98905373 22.98431015 22.08736801 19.86214447 17.23719597
 14.46588898 13.09093475  9.01801586  8.64281559 11.48206902 19.75694656
 18.8136673  20.80704689 18.58574486 15.38441658 13.36724091 10.51126003
  8.79385185  7.69954252  9.14136791 15.43890095 13.44365311 19.53721046
 17.67744064 15.61072731 13.42848682 10.60351181 10.44533062  8.75829124
 16.33762741 29.47382355 11.92572594 19.06466675 18.47875595 16.54137611
 14.73647594 12.3705349  11.44346809 11.0670433   6.35636425  7.47582054
 16.22772217 20.58296204 19.92798996 18.17103577 15.96513748 13.50450897
 12.48522377  7.06380415  7.96732616 16.35168076 21.5552597  21.91542816
 20.53631401 18.26266861 16.71988678 14.47466373 12.63096333 13.1855545
 19.41369247 22.32512283 22.93272018 22.15443802 20.18778229 17.68785477
 16.03614807 15.70342255 23.1434288  22.15659523 23.94070053 23.69731903
 23.37998772 22.43664932 20.73479843 18.98713112 22.17754364 25.2815094
 23.39502907 22.38095474 24.54582214 24.28625298 23.85749435 22.99297523
 21.62152672 21.51792145 27.7440567  26.13575745]",79292
ILTJ130257.54+493438.7,195.73975317158292,1.3212685914764164,1.3251287017841389,49.577437960344135,2.963514678844518,2.9652377033210966,0.4619168362587645,0.07569226727355273,0.11943201358841435,2.8737071920813984,0.19315893389159453,0.6063316706019499,17.441692622865286,7.521735742029697,5.782951255121096,1.343153723199013,112.1691382258408,21.144209991274646,0.07569226727355273,M,P34Hetde,4060,7.134656e-05,7.107723e-05,69,9,6,"[60.79141998 57.1404953  59.2848053  60.22701263 59.6551857  58.19878769
 56.15780258 51.4176178  54.41431046 56.16774368 50.07067108 49.89894485
 49.1750412  55.16633606 58.02859116 56.41799545 53.78078461 51.30236435
 47.73683548 47.09233856 42.40105438 45.95352173 43.51426697 49.90452576
 51.24056244 54.25370789 51.13157654 47.34518433 45.38386536 42.27213287
 40.7138176  42.76193237 37.43202972 39.93296814 43.19387436 51.88078308
 47.9822464  45.22078705 41.6016922  39.30674744 37.71189499 39.10462952
 39.32550812 45.65412903 38.94395828 50.802742   48.43824005 44.67497253
 40.54324341 37.76976776 37.57583618 39.11789322 33.85923767 34.48995209
 48.25071716 52.288517   50.12915039 46.57209778 42.58421326 39.2233429
 39.95792389 37.49294281 40.50216293 50.01805115 54.61988068 54.1788559
 51.81446457 48.60557556 45.57942581 42.33748245 44.60702515 46.16859436
 54.25033188 57.18262863 56.83633041 55.46579742 53.03979111 50.01646805
 47.51913452 45.64574051 57.93137741 57.80828857 59.6811676  59.22375107
 58.26707458 56.92882538 54.84341812 51.36144257 47.67453003 53.81143951
 59.64759827 58.40433502 60.61717987 60.03274918 59.24374771 57.84740067
 56.32488251 52.03399658 54.18112183 55.53260422]",72189
ILTJ131405.30+472140.3,198.52210212317001,0.1517555366016781,0.1861289473969705,47.36120331971043,1.178355200335387,1.183273096257703,0.3397239292926531,0.06869682692922653,0.0966216743567699,0.8944309033399749,0.15958433029911365,0.2397236411182659,9.094340015003482,2.7971272073882854,1.7248705876873893,0.058125775481384236,83.13101933886874,2.832445341267679,0.06869682692922653,M,P35Hetde,2590,6.88988e-05,6.860472e-05,69,9,6,"[46.68761063 43.44585419 44.38833618 45.63217163 45.37161255 44.25259399
 42.63871002 40.39083099 46.98959732 43.41081238 38.96652222 36.58612061
 37.92472458 41.20600128 43.52611542 42.76823425 41.46471405 40.45146179
 40.28220749 38.88983154 35.82123566 33.95267487 36.24862671 40.42708206
 38.73235321 41.16991806 40.31845856 39.63687134 40.33864212 38.46207428
 37.26237869 33.86789703 34.18281174 40.55075836 34.97082138 40.13629913
 39.71902466 39.48699188 39.84521103 40.33717728 38.95322418 36.51528168
 41.94394684 52.0421524  34.50029755 40.2675705  40.7302475  40.58219147
 40.68385315 40.80513382 40.41329956 39.54387283 32.52964401 30.70245552
 37.75725937 41.66954803 41.80778503 41.52075958 41.3923645  41.22258759
 40.53193665 34.08899689 32.29325104 38.37236786 41.89871216 42.69451904
 42.36199188 41.55238724 41.5329628  41.33171082 33.83862305 35.62957764
 41.10733032 43.36686325 43.52980423 43.24214554 42.21871185 40.81758499
 36.8832283  34.18451309 40.5324173  42.04360199 44.87815857 44.76443481
 44.3289032  43.894207   42.54675674 38.52169037 34.6665802  37.60068512
 43.99285889 43.53755951 45.46883774 45.32944489 45.08773041 44.3870697
 42.99246597 38.28816986 40.81743622 39.9759903 ]",64388
ILTJ130704.13+463312.8,196.76719674281662,0.3238188555464684,0.3412812526015244,46.55358109630207,0.35132680269233196,0.3674843730825267,11.04782275663196,0.34009022056125104,2.235584233393947,128.2816149978983,1.1652396884730054,25.68277036050341,42.048135444801325,1.0807527150342164,14.095174386718618,0.3128538710693259,46.85648688204457,2.0265418573574743,0.34009022056125104,M,P35Hetde,5649,0.00029931503,0.00034700884,69,9,6,"[45.04382324 39.15795517 36.4429245  35.92649078 35.17806625 33.75782776
 31.00594902 31.63624191 35.45025635 38.38343811 33.27485275 32.00718689
 32.52722931 34.55070877 34.26703644 33.15558243 29.34363747 26.33755875
 24.31743813 27.59362793 24.0611496  26.77709961 32.26587296 38.01525879
 31.21955109 32.82157135 28.34641075 23.65530205 22.4204483  22.27140427
 22.48760605 22.77273941 24.7287426  30.3558445  24.90485764 31.05258751
 27.34088135 24.30011177 22.86937332 22.12755775 20.01914978 18.72293472
 24.2486496  35.53656769 18.9174118  28.56585884 27.07397842 24.8308773
 22.82292938 20.90693092 17.34766388 17.25721359 13.67273426 15.15605354
 24.72365189 28.73701096 27.03234863 24.30171776 21.75142288 19.09721184
 17.04543114 13.77349281 16.4359684  25.30555344 30.40024948 29.79942513
 27.25163651 24.10213661 21.63420868 18.91986465 21.88931084 23.34766769
 29.8084259  32.50634766 32.59147263 30.74686813 27.74497223 24.33482361
 20.96606827 20.56018639 38.60877228 35.07476044 35.62476349 34.63756943
 33.35082626 31.74422073 29.19630051 25.72442627 27.94475937 35.32975769
 43.06605911 37.40911102 36.65620804 35.58440781 34.46948242 33.00475311
 31.11834717 28.56649399 35.18039703 40.23924637]",67144
ILTJ130402.87+464315.9,196.0119542239646,0.42603356999083775,0.4394528927302436,46.72109769561314,0.7271652735283335,0.7351078677278438,4.990165558207316,0.12923443864565345,1.0063655558815583,54.08727689660172,0.3058067131654545,10.821777055059107,41.988191480953176,1.923267701680878,12.78359085893063,0.4895266763685171,60.45542191452146,3.420642682511447,0.12923443864565345,M,P35Hetde,6425,0.00012944108,0.00012899576,69,9,6,"[45.97328949 42.54278564 44.001091   44.5025444  43.92974854 42.44416046
 39.6727829  33.33087921 31.11248779 37.91876221 34.29111481 31.84857941
 33.22010422 39.73252869 42.01508713 41.46004486 37.96567917 33.56106949
 27.29756546 30.07216644 25.84700012 24.20786285 25.72099876 33.69805908
 35.91347504 40.73054504 36.82027817 32.14232635 29.32023239 27.21876144
 24.90270233 21.57052612 17.40106964 21.47921181 27.8407402  39.2844696
 36.53713989 32.90554428 30.28543854 27.8630867  24.66458511 20.25226212
 19.81270027 29.7234745  23.57052612 38.2872467  37.34165192 34.82077789
 31.97739601 28.33442307 24.85638428 21.74488449 15.06739616 16.82136154
 33.45080185 39.57751083 38.49881744 35.81174469 32.80371857 29.02645874
 26.3588562  20.19100571 22.82988548 34.30101013 40.97966003 40.69967651
 38.61129761 35.46234131 33.04566193 29.66106796 30.14480209 31.20418739
 38.33010101 42.04641342 42.40309143 40.96819687 38.26515579 34.76966095
 31.58000183 30.99180031 44.56925964 42.98326492 44.34331512 43.7797699
 42.88382721 41.4311409  39.11190033 34.87207794 36.0488472  42.60181046
 45.84597778 43.56913757 45.00733185 44.34118652 43.49517822 42.26839447
 40.20830536 34.01745224 37.33398819 43.94203949]",67778
ILTJ131604.27+530509.7,199.01780660556415,0.4325914725627723,0.4506088984327051,53.086050272453384,0.3369760977419163,0.35981368465092817,1.5902051468942178,0.06921560998307541,0.3254856326071608,33.06201539782111,0.12762538835600246,6.6136346078675565,27.619282099477573,1.0777817874689342,19.113885844457727,0.7111654136340196,155.03925379607026,5.787885539234673,0.06921560998307541,M,P37Hetde,2382,6.909069e-05,6.8987996e-05,69,9,6,"[30.91547012 28.38841629 30.41121674 31.50718689 31.24285316 30.17311859
 28.25407028 26.29996109 32.37442017 28.9065094  22.45680618 22.0840435
 23.91921425 27.85216141 29.76548004 29.17183304 27.02037048 24.48099518
 21.71788788 20.82291794 17.960289   18.78171349 21.84610558 27.37712669
 25.47082901 28.08320618 25.94161606 22.72315598 21.32119179 18.99401283
 16.2325573  15.48003674 18.175354   22.20537949 20.1438694  27.02980042
 25.12992096 22.96259308 20.87163734 18.08488655 15.64439583 12.62193871
 18.27647781 29.26785088 16.96465683 26.59840965 26.00730896 23.91545486
 21.52236938 18.56436539 14.35930252 11.33968925  8.68917656 11.40479851
 22.95345306 27.68710327 26.98845482 24.86670303 22.23975754 18.94482803
 15.01477242 10.44443703 14.34867573 23.27110672 28.30688858 28.60469818
 27.15696716 24.49653244 22.38108253 18.94189644 18.24311256 18.90163994
 26.26303291 29.22676468 29.57387543 28.81594467 26.89688873 24.10687256
 22.14319611 21.31781578 30.36084747 29.34046936 30.91419411 30.69078827
 30.24963188 29.2743187  27.57846451 25.55241776 28.22987747 31.58917236
 30.6794529  29.57727051 31.56678009 31.26186943 30.81110191 29.92239189
 28.59067154 28.01096725 33.72855377 32.58712006]",57276
ILTJ130402.79+512444.6,196.01163300581646,0.0933670641395026,0.1569407718814269,51.41239544947714,0.2507802185892287,0.2807199943865228,11.684440765340387,0.07367697253357619,2.338049301497221,94.6036349846496,0.30992031875282305,18.923265064367953,39.501052140514176,0.5993820827057448,14.630701189631159,0.1944759315673199,98.85752965905031,1.248445362152214,0.07367697253357619,M,P37Hetde,7372,7.3461815e-05,7.508745e-05,69,9,6,"[36.24961853 34.01346207 37.05887604 37.83794785 37.3314743  36.1950531
 33.6852684  31.9227066  34.88993073 33.08486938 24.50349426 23.70213699
 26.81628799 33.36840439 35.84140778 35.40959167 31.94968033 27.23365974
 23.54564285 21.27168465 15.87234879 16.84873199 20.56898117 30.31841469
 31.2877388  34.5848465  30.72031021 25.15881348 20.55615997 17.15378571
 17.20584869 14.4957695  14.27812195 22.2468071  25.86075211 33.40816116
 30.5741539  26.37646866 22.67153931 19.83875656 18.64430618 14.8600893
 18.47921753 32.76706696 23.08322906 33.17930222 31.85351181 28.98202515
 25.7507019  22.05197334 19.95289612 17.17650223 10.9291296  15.00200272
 29.94887543 34.62202454 33.55070496 30.7694397  27.66586113 23.86389923
 21.67893028 14.60798073 17.2445507  28.83322906 35.86070251 35.45206833
 33.52026367 30.55784988 28.38382721 25.03695679 24.70953369 24.98318672
 32.17862701 36.27324677 36.6596489  35.38407516 32.9256897  29.69174576
 27.7432766  27.44994736 37.35498047 36.228302   38.0292511  37.58141708
 36.89067078 35.50255585 33.52815247 31.00159836 33.56583405 37.84951401
 37.01935196 35.98237991 38.42350769 37.89754486 37.21746063 36.17417908
 34.49660492 32.77159882 37.73005676 38.04648972]",61187
ILTJ131346.39+500319.5,198.44330802109926,0.6008132597964203,0.6085610345511852,50.05543393307161,0.5872714897635597,0.5951955664451128,1.4260260824482307,0.060328991821734235,0.29151604204079884,6.788420908755034,0.2015372945161754,1.3725609707615185,24.94677508165726,1.5002600035361884,21.81051230585083,1.2897143627713683,138.07141823042008,20.32068977833101,0.060328991821734235,M,P38Hetde,6776,6.0402093e-05,6.0444567e-05,69,9,6,"[49.93464279 45.29805756 44.68397141 45.08103943 44.32849121 42.72387314
 40.02807236 37.43775558 45.09830856 45.74454498 40.43187332 39.04940033
 39.15604782 41.20608521 42.68601608 41.56624222 38.34191132 35.70970154
 35.58916473 36.81987381 35.46312714 35.70165253 37.93248749 41.05446625
 37.91651917 40.52885437 37.20756531 34.0569458  32.9766655  33.9161911
 33.40218353 31.27020073 32.03434753 30.58452034 30.20883942 38.81334305
 37.04269791 34.37497711 33.60881805 34.23575592 30.55679703 26.44769287
 27.2009716  26.93709373 23.3672924  37.79336548 37.23812103 35.67067719
 34.57472992 33.08957672 27.83242226 23.89699173 19.68866348 17.67723465
 33.04148102 39.0185051  38.03681946 35.98342514 34.05159378 31.67980576
 27.57959175 23.12322998 26.90302277 36.09597015 40.6008606  40.1051445
 38.20579147 35.42024612 33.36611176 30.72121429 32.2635498  33.2562027
 39.9495697  42.51305389 42.18803787 40.69527435 38.17682648 35.10411835
 33.43104553 33.94275665 46.58988953 43.76612091 45.01528931 44.2878418
 43.17112732 41.50658417 39.22251129 37.25292206 41.35900116 45.69630051
 48.82913589 44.93285751 45.79362488 44.93171692 43.94633484 42.51460266
 40.58198166 41.00192261 46.53649521 48.36178589]",54273
ILTJ132959.97+471549.7,202.49989140602366,1.5070658567620638,1.5101567400038791,47.263805565758155,0.8648070934920294,0.8701822749949011,18.868840081030122,0.8890949538908899,3.877088453617457,513.6969725546916,1.5198945139882638,102.75063631826265,35.29016256994743,3.6683571657515697,18.691917380317744,1.8124061660926072,163.25149758784244,10.920362997411488,0.8890949538908899,M,P39Hetde,3045,0.0008388806,0.0007843132,69,9,6,"[29.24646378 27.89852524 32.20138168 33.74501038 33.60408783 32.60995483
 30.72901154 27.15299797 29.14731026 26.33002853 18.35957718 17.55009651
 22.61874771 29.65760994 31.64456558 30.82620621 29.29878807 25.59662056
 20.14226151 17.00823593 10.93886375 11.53457451 17.67926025 27.62403297
 27.46327972 29.10734558 27.91916656 24.06293488 19.50227356 14.32781982
 12.80550957 12.05462837 14.14422512 20.87212563 21.8917923  28.33918762
 27.30859947 24.49484634 20.43827057 16.13740349 16.26447487 14.9199152
 20.02488327 28.64770699 19.01787758 29.03680038 28.78116608 26.53145218
 23.39157104 19.33451843 19.7848053  18.02977371 11.6607275  12.60528183
 25.79621887 31.34319305 31.32746506 29.29633713 26.50348663 23.11125183
 22.35694504 14.53897476 15.55002594 25.37078476 31.79408836 32.78310013
 31.79203033 29.75972748 28.33190918 25.48499107 20.8619976  21.39075851
 28.31737328 32.33211899 33.08355713 32.68716049 31.18517303 28.69496918
 25.97402382 23.84923172 29.58181763 30.83443451 33.45769119 33.46009064
 33.29833221 32.67543793 31.23461342 28.1625824  27.55713081 29.44154358
 29.14390564 30.45100784 33.75154495 33.72040939 33.49675751 32.86169815
 31.51539612 28.0843811  30.39685822 29.59977531]",43625
ILTJ132952.72+471144.3,202.469675809063,0.22707771596304155,0.2467593399410883,47.19563912588286,0.22230036509711895,0.24237024380786146,37.34940430096327,0.7788627408444881,7.510375971584134,1132.552720584634,2.1109933900599565,226.52038073700814,37.028396314807104,0.5574126014968883,33.36199628541138,0.4992523074154115,140.7417119608534,6.441504412710987,0.7788627408444881,M,P39Hetde,3084,0.0007656437,0.00075108715,69,9,6,"[37.22571945 32.19449615 30.9743576  31.44633484 30.70904922 28.90210724
 26.17889023 27.00445938 34.02133179 33.45792007 29.05360413 28.35776901
 28.11095047 29.43988609 29.08143997 27.24289131 24.35383034 22.50612259
 22.04712296 24.87288666 26.20250511 27.98814774 29.49676514 32.86091614
 26.06180954 25.77631378 22.82559586 20.45771408 21.16589737 22.86240005
 24.16408157 25.87292862 25.15864182 25.22172165 19.29349136 23.69227028
 21.46143341 19.72277641 19.83122635 21.16764069 20.51211548 21.09213829
 23.27508545 25.37760925 12.40927887 22.10887146 21.26049614 19.59453201
 18.89507675 18.97972107 15.70150185 16.19457436 11.64413166  9.25588417
 18.86639786 23.31113434 21.90737343 19.61423492 17.72389984 16.33765793
 13.47266197 12.56851578 15.92021465 21.99893951 25.13609695 24.83430862
 22.68792725 19.57008743 17.1399765  14.86820221 17.11231613 19.44494629
 26.13644409 27.89442825 27.48425293 25.96518326 23.14482117 19.9688282
 17.75600052 17.60011292 32.5193634  29.48508835 30.79916763 30.03282547
 28.8225441  27.19325256 24.5701561  22.48657799 26.66550827 32.01361847
 35.85591125 31.24542427 31.88955498 31.05544662 30.0620842  28.46471405
 26.28242493 26.50999832 34.90884399 36.32899094]",43663
ILTJ133148.67+521655.1,202.9527971535094,2.3791629541873984,2.382975266736148,52.28197555685772,1.0688367534773549,1.0772960432873209,0.4036741429695177,0.07808940426912159,0.11232126961174048,16.093427296890525,0.08678001662113674,3.219855098866533,45.153452202278245,5.93992669031484,13.856861677376704,1.562101577837202,20.694533620310303,10.084395995800925,0.07808940426912159,M,P41Hetde,9964,7.805334e-05,7.789654e-05,69,9,6,"[41.3635788  38.10132599 39.1078186  39.10529327 38.3332901  36.73630905
 34.00193024 31.37863159 37.92576599 37.20477295 31.66952133 30.20273972
 30.93420029 35.75398254 37.1227951  35.93926239 32.33477783 28.9972229
 27.56106949 28.09346581 24.92096329 25.33035278 27.10725212 34.18729401
 32.98915863 35.57101059 31.43487167 27.57009506 25.747118   24.97860718
 23.46590996 21.72652054 21.28255081 25.21572113 25.56241226 34.18570709
 30.9249649  27.97688675 26.42315674 24.67563057 22.41052628 19.58379745
 23.59165573 32.31896973 20.4439888  32.84042358 31.69413567 29.35172081
 27.33340073 24.78184891 20.62457275 19.6786232  14.94790077 15.13572311
 28.51994896 33.83675385 32.49072647 29.79987335 27.07150459 23.73893356
 20.09042358 16.51596832 19.65252304 29.64390564 35.07428741 34.91392136
 32.47954559 28.92159653 26.06362534 22.62599182 23.37374687 26.02936935
 33.64868164 36.66205215 36.89087296 35.02821732 31.92268753 28.25708008
 24.85335541 23.64830017 37.98315048 37.23397064 39.05815125 38.30886841
 37.40267181 35.44601822 32.91831207 29.6412735  30.99795341 35.81367111
 40.28986359 38.30974197 39.83747482 38.96754456 37.91328812 36.4341011
 34.47914124 32.684021   37.79498291 38.63945389]",33353
ILTJ133737.58+490439.3,204.40659662538707,0.010597839337149648,0.10767695087116998,49.07759548162862,0.01730162901641671,0.10854196385231857,36.19796359463879,0.08008587610675022,7.2400356686623875,432.0051202463549,0.5623263003526221,86.4028539322097,33.432335544123625,0.040867024369321416,21.190766923388267,0.02475110503261142,95.65446038060465,0.15819603101677934,0.08008587610675022,M,P42Hetde,3407,7.098842e-05,7.252761e-05,69,9,6,"[48.98264694 42.22808075 38.26741028 38.44192505 38.01177597 36.65465546
 34.4319191  35.9992218  48.03800201 46.16921997 36.43661499 32.6946907
 31.35988617 35.72817612 36.98019791 35.98654938 33.37917328 32.51383972
 33.30973053 33.77947998 27.46933746 25.96772194 29.11681366 39.39204788
 34.57678986 35.63768387 32.58687592 30.33184624 30.19758606 28.98406982
 23.46730042 19.06184387 18.39071274 27.85861778 26.76235008 33.90170288
 31.82015228 28.90333939 27.95767593 26.65591049 17.53776932 10.65269756
 11.60287857 27.73833847 19.55329132 30.76035118 29.74699783 27.55235291
 25.45031929 22.26922798 12.94776154  7.03311777  3.88677645 10.4220829
 25.23004913 30.25641251 28.59365654 25.89281464 22.95854187 19.06776047
 13.52787876  9.05882072 14.36109161 26.35715294 32.09752655 31.09228516
 28.52544403 25.08319473 22.05545425 18.41296387 23.4239006  23.71528435
 31.00915527 34.20617676 33.72622299 31.99734497 29.34397888 26.40918541
 24.58137321 25.26082993 43.50566101 37.25822449 37.26690674 36.46836853
 35.48995972 33.75211716 31.58939362 30.4175415  37.94778442 44.3821106
 47.77141953 39.70413971 38.58473587 37.74179459 36.93558502 35.61384583
 33.77520752 36.97927094 48.92337036 49.62365723]",23809
ILTJ110610.13+485910.1,166.54219837867203,0.2519645756528281,0.3200229887628237,48.98615513626861,2.23356061185684,2.242258141425978,0.35130328066676353,0.0619208367425017,0.09365228146276408,1.747921876465249,0.1698484509037212,0.38866146158762094,16.187608712064627,5.279919550461319,3.674722326013944,0.3717982650088882,85.22561754414589,8.644321449969995,0.0619208367425017,M,P6,2079,6.180906e-05,6.19323e-05,69,9,6,"[59.49927521 56.75351715 59.1672287  60.70362091 60.48242569 59.17865753
 57.0685997  55.01289368 60.77834702 57.66254044 49.70718002 44.18494797
 44.14348602 53.85464478 58.472332   57.26072693 55.44116211 53.01555252
 50.97850037 49.52185059 45.07798386 37.13995743 35.46058655 47.62636948
 52.54602051 55.38332367 53.47200012 51.57575989 49.5293045  48.22944641
 44.2866745  35.63264847 29.40775681 38.07952118 45.03369904 53.74890137
 52.08703613 49.90938187 47.89079285 47.48271179 44.35644531 34.10148621
 30.05105591 40.3457756  40.52719116 53.51016617 52.63601303 50.32491684
 48.24590302 46.99816513 44.09033966 34.63315582 25.48372459 31.77846909
 49.9484787  55.37273026 54.39347839 52.12734222 49.73612213 47.64245224
 45.16101456 36.7193222  39.4495163  51.84707642 56.63024902 56.92527771
 55.59574509 53.11112213 50.98050308 48.24414062 47.47504425 47.85202026
 54.80673218 58.12583542 58.325634   57.63915634 55.80155945 53.20158768
 50.9679718  50.52377701 59.65827942 58.37182999 59.88484192 59.83942032
 59.3981781  58.48960876 56.69760895 54.36936188 57.29026794 60.88355255
 59.5812912  58.30523682 60.5879364  60.5092659  60.20884323 59.30142212
 57.50408936 56.74111938 62.4091301  61.43669891]",11843
ILTJ111411.01+481909.6,168.54588042279374,0.06163475493070946,0.12341047964083625,48.31934290528532,0.06673012678683561,0.12603258820955715,12.278103189963147,0.09356995724374427,2.4574027050188434,270.12284849945223,0.2433766246913665,54.0251178938072,47.47395009217102,0.1652598885335826,39.29835520566475,0.13581827177316064,123.0956997921798,0.8897030195983338,0.09356995724374427,M,P7Hetdex,2706,9.102058e-05,9.2204886e-05,69,9,6,"[57.86022949 51.30516052 47.73200226 47.64667511 46.94986343 45.49933624
 42.99738312 43.15597534 53.95239258 53.97475815 47.23384094 45.12322617
 42.88571167 45.25925827 46.05265045 44.92720032 41.94493866 40.17144012
 41.40256882 43.44602966 41.17124557 41.23616791 41.41905975 46.69632721
 42.84441376 44.41017151 41.40250778 38.49723434 38.69408798 39.90973663
 37.95974731 34.71954346 30.48857117 32.45949554 33.67372131 42.52791214
 41.01695251 38.56123352 38.39146423 38.6606369  32.13639832 25.38159943
 19.88052368 22.75388336 23.47029114 39.96443176 39.63946915 38.11925507
 37.0519104  35.01136017 25.93691826 20.18417931 13.74923706 14.77273273
 33.72084045 39.95027161 38.57157898 36.1946907  33.88967133 30.92678261
 24.36414719 21.0010643  26.33467102 36.55112457 41.82379913 40.70149231
 38.09700012 34.69875336 31.89579964 28.43784714 32.41491699 33.93906403
 41.32098389 44.02129745 43.32335663 41.38591003 38.59819794 35.45449066
 33.33528137 33.57556152 51.12520599 46.28007507 47.11600494 46.12477875
 44.81324005 42.9117775  40.58187866 38.83827209 44.77629852 50.64398193
 55.84378052 48.88756561 48.28459167 47.19482422 46.08712006 44.58548355
 42.67988205 44.16803741 54.97902679 56.50827789]",6425
ILTJ112051.72+474517.1,170.2154888701939,0.01999517827421391,0.10877090890504797,47.754759635740044,0.02111031537838401,0.10898141532017046,58.83743342889454,0.1087911587092094,11.767989565605381,613.4226668001029,0.6536973473675359,122.68627488838335,55.12017091852904,0.0587748876359686,33.58847590732739,0.035124024579488426,133.12007140408102,0.13481084270051344,0.1087911587092094,M,P7Hetdex,398,0.000107059284,0.000105789346,69,9,6,"[39.15048599 33.36661148 30.49965668 30.23887253 29.47917175 28.08166885
 25.88579178 28.3333683  40.19942093 37.41815186 29.17220306 25.17128754
 22.50134659 27.148283   29.1563797  27.63545609 24.80809593 23.52369308
 26.46352386 27.51630783 24.44365692 22.45738602 21.91078758 29.63210678
 26.09051323 27.31710434 24.12108994 22.42940903 23.18434906 24.88528252
 24.07875824 20.75740623 19.125      25.69130707 20.69590569 25.72245789
 23.65824127 21.84885025 22.79837418 24.87631226 20.55592346 17.96842194
 23.10309219 35.36167526 17.19908142 23.30028534 22.32924652 21.25450516
 21.59226227 21.86899948 17.04470825 15.70523453 10.49670219 12.3347826
 20.14361572 23.02506828 21.6928978  20.01562691 19.058815   18.2570076
 15.31812859 10.79238129 11.92375755 21.12285423 25.03660202 23.81066895
 21.49011993 18.90111923 17.20403099 16.19615555 19.03528976 19.0876503
 24.73168182 27.26203728 26.36719704 24.41798592 21.89577484 19.55090904
 18.73734474 20.50246239 33.90299988 29.33208084 29.90838242 28.91295624
 27.68336105 25.63648224 23.55987167 22.74401474 30.36393547 35.57350159
 37.63436508 31.41875076 30.93397903 29.85030746 28.7412281  27.24106598
 25.5218277  28.69277382 40.69419479 39.9496727 ]",4420
ILTJ112111.96+522422.1,170.29982405259017,0.3190136181388582,0.3629178022384414,52.4061431789636,0.17530832922234416,0.2463181944523487,3.003907518485214,0.06832565850345418,0.6046542903134077,26.803363475100213,0.1631951752924665,5.36315619839402,38.32806631088979,0.8431018428904422,9.567265287668173,0.15469408368071574,29.075674673601785,1.3974884558879763,0.06832565850345418,M,P8Hetdex,884,6.777092e-05,6.7759225e-05,69,9,6,"[35.5449295  30.26116943 28.17500877 28.02064133 27.27855301 26.07840729
 24.13114548 24.33518219 32.46043396 32.0681839  25.71895218 23.59591293
 21.82424927 24.41934776 26.49180984 25.73389816 23.09207153 21.52757645
 22.27186775 22.74126053 20.13355637 19.44067001 19.45784187 24.70798874
 21.89061546 25.67462921 22.569561   20.11920738 19.86954689 20.10283661
 18.02416229 15.31221199 13.99933624 17.76829338 15.8606348  24.394207
 22.26634407 19.95905876 19.40583038 19.10886383 15.53064537 14.17295265
 19.34650803 29.2528801  12.39975739 22.39420319 21.62669373 20.05421066
 18.95510101 17.26907349 15.48207283 17.25888824 10.62085915  9.79294014
 17.92780685 22.55567169 21.53451538 19.6872139  18.1463871  16.32093239
 16.18905067 12.20996666 11.72072029 19.42189217 24.11315536 23.39562607
 21.55630112 19.27206802 17.98011398 16.88410568 18.90520096 18.41257286
 23.18938446 25.79389572 25.30715942 23.80021095 21.61596298 19.34828568
 18.32077026 20.08437347 32.86064911 27.78891754 28.19452095 27.33158493
 26.05634117 24.50974655 22.66945648 21.37110329 26.6012001  33.33387375
 35.18848419 29.10913277 28.92186356 27.87801361 26.81284332 25.56445694
 24.1612587  25.21614075 34.60135269 35.78512573]",98
ILTJ110754.23+512020.7,166.97595132540638,0.2792272534569079,0.3284927726703033,51.33909611893852,0.23562693937466164,0.29233490585731586,2.6104514909524026,0.08757001342019066,0.5293834023796339,96.39412951174671,0.18872968288963335,19.27974966295724,32.439376558880895,0.6586130835853935,27.61052754230265,0.5535729165284572,5.027628397527071,5.894585966004247,0.08757001342019066,M,P8Hetdex,4919,7.747168e-05,7.954298e-05,69,9,6,"[37.71618271 35.692276   38.45487595 40.02887344 39.92829132 38.90329361
 37.19296265 34.72818756 39.64766693 35.93625641 29.39346695 28.11257744
 29.4706459  34.54709625 37.70985031 37.80634689 36.1900177  33.70775986
 30.69750977 28.94219208 26.52666473 23.99529266 23.92650223 30.30498886
 32.01657867 36.67817688 35.31296921 33.21296692 31.06124878 28.91327095
 25.83249664 21.13945007 16.82559204 21.20464706 25.36131859 35.91129684
 35.53382874 33.42317963 31.49859238 29.40893173 25.77217484 19.23168755
 15.27014542 23.96969795 21.24339676 36.28748322 36.72077179 35.3272171
 33.42033386 30.233078   25.96430206 20.05690765 12.11070824 13.8711071
 30.98451996 37.96699142 37.99349976 36.53012848 34.46904373 31.30687332
 27.18769646 20.45195961 22.97974777 32.31862259 37.99970245 38.67660141
 37.81451416 35.68373489 34.24702835 31.35637283 28.422369   28.31425858
 35.07619476 38.30831909 38.87133026 38.47348404 36.91701508 34.63375854
 32.88879776 32.24068069 38.55355072 37.57241821 39.41505814 39.41987991
 39.28594208 38.58100128 37.19026566 34.99326324 36.76135635 39.83990097
 37.86920166 37.35424042 39.91687775 39.85569763 39.64297485 38.95954514
 37.71227264 36.21840668 40.9035759  39.47093201]",2893
